--------------
SHOW DATABASES
--------------

+--------------------+
| Database           |
+--------------------+
| information_schema |
| mysql              |
| performance_schema |
| prod_data          |
| sample_data        |
| sys                |
+--------------------+
6 rows in set (0.02 sec)

--------------
SHOW TABLES
--------------

+-----------------------+
| Tables_in_sample_data |
+-----------------------+
| Discount              |
| Favorites             |
| Items                 |
| Restaurant            |
| ReviewVotes           |
| Reviews               |
| Users                 |
+-----------------------+
7 rows in set (0.02 sec)

--------------
SELECT username, email FROM Users WHERE user_id = 1
--------------

+----------+---------------------+
| username | email               |
+----------+---------------------+
| jasonliu | yj7liu@uwaterloo.ca |
+----------+---------------------+
1 row in set (0.02 sec)

--------------
SELECT * FROM Items WHERE restaurant_id = 3
--------------

+---------+-----------------+---------------+-------+
| item_id | item_name       | restaurant_id | Price |
+---------+-----------------+---------------+-------+
|       3 | 8 Piece Nuggets |             3 |  3.99 |
|       4 | Whopper         |             3 |  8.49 |
|       5 | Whopper Combo   |             3 | 12.19 |
+---------+-----------------+---------------+-------+
3 rows in set (0.02 sec)

--------------
SELECT * FROM Reviews WHERE restaurant_id = 2
--------------

+-----------+---------------+---------+--------+------------------------------+---------------------+
| review_id | restaurant_id | user_id | rating | comments                     | timestamp           |
+-----------+---------------+---------+--------+------------------------------+---------------------+
|         1 |             2 |       2 |      5 | sushi good                   | 2024-06-01 00:00:00 |
|         3 |             2 |       1 |      1 | SUSHI GAVE ME FOOD POISONING | 2024-06-05 00:00:00 |
|         4 |             2 |       3 |      4 | Tuna...                      | 2024-07-01 00:00:00 |
+-----------+---------------+---------+--------+------------------------------+---------------------+
3 rows in set (0.02 sec)

--------------
SELECT * FROM Favorites WHERE user_id = 1
--------------

+---------+---------------+
| user_id | restaurant_id |
+---------+---------------+
|       1 |             1 |
|       1 |             2 |
+---------+---------------+
2 rows in set (0.02 sec)

--------------
SELECT * FROM Restaurant WHERE cuisine = 'chinese'
--------------

+---------------+-----------------------+-----------------------+----------------------------------------------------+----------------+------------+---------+-------------+----------------------------------------------------------------------------------------------------------------------------+
| restaurant_id | restaurant_name       | description           | address                                            | phone_number   | website    | cuisine | price_range | hours_range                                                                                                                |
+---------------+-----------------------+-----------------------+----------------------------------------------------+----------------+------------+---------+-------------+----------------------------------------------------------------------------------------------------------------------------+
|             1 | Gol?s Lanzhou Noodles | noodles from lan zhou | 150 University Ave W Unit 6B, Waterloo, ON N2L 3E4 | (519) 208-3923 | lanzhou.ca | chinese |           2 | { "tue": "1100-2100", "wed": "1100-2100", "thu": "1100-2100", "fri": "1100-2100", "sat": "1100-2100", "sun": "1100-2100" } |
+---------------+-----------------------+-----------------------+----------------------------------------------------+----------------+------------+---------+-------------+----------------------------------------------------------------------------------------------------------------------------+
1 row in set (0.02 sec)

--------------
SELECT * FROM Discount WHERE restaurant_id = 1
--------------

+-------------+---------------+---------+----------+---------------+---------+
| discount_id | restaurant_id | item_id | discount | discount_type | weekday |
+-------------+---------------+---------+----------+---------------+---------+
|           1 |             1 |    NULL |       10 | %             | tue     |
+-------------+---------------+---------+----------+---------------+---------+
1 row in set (0.02 sec)

--------------
SELECT username, email FROM Users WHERE user_id = 1
--------------

+----------+---------------------+
| username | email               |
+----------+---------------------+
| jasonliu | yj7liu@uwaterloo.ca |
+----------+---------------------+
1 row in set (0.02 sec)

--------------
SELECT * FROM Items WHERE restaurant_id = 3
--------------

+---------+-----------------+---------------+-------+
| item_id | item_name       | restaurant_id | Price |
+---------+-----------------+---------------+-------+
|       3 | 8 Piece Nuggets |             3 |  3.99 |
|       4 | Whopper         |             3 |  8.49 |
|       5 | Whopper Combo   |             3 | 12.19 |
+---------+-----------------+---------------+-------+
3 rows in set (0.02 sec)

--------------
INSERT INTO Reviews (restaurant_id, user_id, rating, comments, timestamp)
VALUES (2, 3, 4, 'Tuna...', '2024-07-01 00:00:00')
--------------

Query OK, 1 row affected (0.03 sec)

--------------
SELECT * FROM Reviews WHERE restaurant_id = 2
--------------

+-----------+---------------+---------+--------+------------------------------+---------------------+
| review_id | restaurant_id | user_id | rating | comments                     | timestamp           |
+-----------+---------------+---------+--------+------------------------------+---------------------+
|         1 |             2 |       2 |      5 | sushi good                   | 2024-06-01 00:00:00 |
|         3 |             2 |       1 |      1 | SUSHI GAVE ME FOOD POISONING | 2024-06-05 00:00:00 |
|         4 |             2 |       3 |      4 | Tuna...                      | 2024-07-01 00:00:00 |
|         5 |             2 |       3 |      4 | Tuna...                      | 2024-07-01 00:00:00 |
+-----------+---------------+---------+--------+------------------------------+---------------------+
4 rows in set (0.02 sec)

--------------
INSERT INTO Favorites (user_id, restaurant_id)
VALUES (4, 1)
--------------

Query OK, 1 row affected (0.03 sec)

--------------
SELECT * FROM Favorites WHERE user_id = 1
--------------

+---------+---------------+
| user_id | restaurant_id |
+---------+---------------+
|       1 |             1 |
|       1 |             2 |
+---------+---------------+
2 rows in set (0.02 sec)

--------------
SELECT * FROM Restaurant WHERE cuisine = 'chinese'
--------------

+---------------+-----------------------+-----------------------+----------------------------------------------------+----------------+------------+---------+-------------+----------------------------------------------------------------------------------------------------------------------------+
| restaurant_id | restaurant_name       | description           | address                                            | phone_number   | website    | cuisine | price_range | hours_range                                                                                                                |
+---------------+-----------------------+-----------------------+----------------------------------------------------+----------------+------------+---------+-------------+----------------------------------------------------------------------------------------------------------------------------+
|             1 | Gol?s Lanzhou Noodles | noodles from lan zhou | 150 University Ave W Unit 6B, Waterloo, ON N2L 3E4 | (519) 208-3923 | lanzhou.ca | chinese |           2 | { "tue": "1100-2100", "wed": "1100-2100", "thu": "1100-2100", "fri": "1100-2100", "sat": "1100-2100", "sun": "1100-2100" } |
+---------------+-----------------------+-----------------------+----------------------------------------------------+----------------+------------+---------+-------------+----------------------------------------------------------------------------------------------------------------------------+
1 row in set (0.02 sec)

--------------
SELECT * FROM Discount WHERE restaurant_id = 1
--------------

+-------------+---------------+---------+----------+---------------+---------+
| discount_id | restaurant_id | item_id | discount | discount_type | weekday |
+-------------+---------------+---------+----------+---------------+---------+
|           1 |             1 |    NULL |       10 | %             | tue     |
+-------------+---------------+---------+----------+---------------+---------+
1 row in set (0.02 sec)

Bye
